ID,Type,SKU,"GTIN, UPC, EAN, or ISBN",Name,Published,"Is featured?","Visibility in catalog","Short description",Description,"Date sale price starts","Date sale price ends","Tax status","Tax class","In stock?",Stock,"Low stock amount","Backorders allowed?","Sold individually?","Weight (lbs)","Length (in)","Width (in)","Height (in)","Allow customer reviews?","Purchase note","Sale price","Regular price",Categories,Tags,"Shipping class",Images,"Download limit","Download expiry days",Parent,"Grouped products",Upsells,Cross-sells,"External URL","Button text",Position,Brands,"Attribute 1 name","Attribute 1 value(s)","Attribute 1 visible","Attribute 1 global"
8421,simple,,,"Rustikales Frühlings-Arrangement im Holzpflanzgefäß – Bunte Primeln & Deko",1,0,visible,,"Holen Sie sich den Frühling nach Hause! Dieses liebevoll gestaltete Pflanzen-Arrangement kombiniert leuchtende Primeln und frisches Grün in einem dekorativen, rustikalen Holzgefäß. Abgerundet mit charmanten Deko-Elementen (wie kleinen Wichteln oder Rattankugeln) ist dieses Set der perfekte Blickfang für Ihren Eingangsbereich, den Gartentisch oder die Terrasse.",,,taxable,,1,,,0,0,,,,,1,,,,"Garten & Pflanzen > Blumentöpfe",,,https://fundgrube-bestpreis.de/wp-content/uploads/2026/02/WhatsApp-Image-2026-02-25-at-11.01.55-AM_optimized.avif,,,,,,,,,0,,Standort,Fundgrube,1,1
8422,simple,,,"Bunter Frühlingspflanzen-Mix – Primeln, Efeu & Blattschmuckpflanzen",1,0,visible,,"Kreieren Sie Ihr eigenes Frühlingsbeet! Unser farbenfroher Mix aus blühenden Primeln (Primula), winterhartem Efeu (Hedera helix) und verschiedenen Strukturpflanzen bietet alles, was Sie für eine kreative Bepflanzung benötigen. Kombinieren Sie leuchtende Blüten mit elegantem Blattwerk für langanhaltende Freude im Garten oder auf dem Balkon.",,,taxable,,1,,,0,0,,,,,1,,,,"Garten & Pflanzen > Blumentöpfe",,,https://fundgrube-bestpreis.de/wp-content/uploads/2026/02/WhatsApp-Image-2026-02-25-at-11.02.01-AM_optimized.avif,,,,,,,,,0,,Standort,Fundgrube,1,1
8423,simple,,,"Farbenfrohe Primeln (Primula) im Tray – Der klassische Frühlingsblüher",1,0,visible,,"Begrüßen Sie die warme Jahreszeit mit einem Meer aus Farben! Unsere gesunden und kräftigen Primeln sind der absolute Klassiker unter den Frühlingsblumen. Ob in leuchtendem Gelb, tiefem Blau, strahlendem Weiß oder kräftigem Rot – diese robusten Pflanzen verwandeln jeden Garten sofort in eine Frühlings-Oase.",,,taxable,,1,,,0,0,,,,,1,,,,"Garten & Pflanzen > Blumentöpfe",,,https://fundgrube-bestpreis.de/wp-content/uploads/2026/02/WhatsApp-Image-2026-02-25-at-11.02.11-AM_optimized.avif,,,,,,,,,0,,Standort,Fundgrube,1,1
8424,simple,,,"Frühlingsblüher im Deko-Topf – Narzissen & Zwiebelblumen im Zink-Eimer oder Holzkorb",1,0,visible,,"Kompakte Frühlingsfreude zum Mitnehmen! Diese wunderschön arrangierten Frühlingszwiebeln (darunter Narzissen und Traubenhyazinthen) beginnen gerade erst zu sprießen und garantieren Ihnen wochenlange Blütenfreude. Sie kommen bereits pflanzfertig in stilvollen gelben Zink-Eimern oder rustikalen Holzkörbchen.",,,taxable,,1,,,0,0,,,,,1,,,,"Garten & Pflanzen > Blumentöpfe",,,https://fundgrube-bestpreis.de/wp-content/uploads/2026/02/WhatsApp-Image-2026-02-25-at-11.02.22-AM_optimized.avif,,,,,,,,,0,,Standort,Fundgrube,1,1
8425,simple,,,"Junge Obstbäume im Topf – Kirsche, Apfel & Co. für den eigenen Garten",1,0,visible,,"Ernten Sie Ihr eigenes Obst! Mit unseren kräftigen, gut durchwurzelten Obstbäumen im Topf legen Sie den Grundstein für Ihren eigenen kleinen Obstgarten. Wählen Sie aus beliebten Sorten wie Süßkirsche, Apfel und vielen weiteren. Die Bäume sind robust, winterhart und bereit, in Ihren Garten eingepflanzt zu werden.",,,taxable,,1,,,0,0,,,,,1,,,,"Garten & Pflanzen > Blumentöpfe",,,https://fundgrube-bestpreis.de/wp-content/uploads/2026/02/WhatsApp-Image-2026-02-25-at-11.02.26-AM-1_optimized.avif,,,,,,,,,0,,Standort,Fundgrube,1,1
8426,simple,,,"Maßliebchen (Bellis perennis) im Tray – Gefüllte Frühlingsblumen in Weiß, Pink & Rot",1,0,visible,,"Verzaubern Sie Ihre Beete mit den niedlichen, dicht gefüllten Blüten der Maßliebchen! Diese pflegeleichten und frostunempfindlichen Frühlingsblüher, auch bekannt als Tausendschön, setzen wunderschöne Farbakzente in Weiß, sanftem Pink und kräftigem Rot.",,,taxable,,1,,,0,0,,,,,1,,,,"Garten & Pflanzen > Blumentöpfe",,,https://fundgrube-bestpreis.de/wp-content/uploads/2026/02/WhatsApp-Image-2026-02-25-at-11.02.26-AM-2_optimized.avif,,,,,,,,,0,,Standort,Fundgrube,1,1
8427,simple,,,"Prächtige Ranunkeln (Ranunculus) im Topf – Farbenfrohe Frühlings-Eleganz",1,0,visible,,"Bringen Sie romantische Eleganz in Ihren Garten! Ranunkeln bestechen durch ihre atemberaubenden, dicht gefüllten Blüten, die fast an kleine Pfingstrosen erinnern. Unsere kräftigen Pflanzen im Topf sind voller Knospen und bereit, in herrlichen Frühlingsfarben aufzublühen.",,,taxable,,1,,,0,0,,,,,1,,,,"Garten & Pflanzen > Blumentöpfe",,,https://fundgrube-bestpreis.de/wp-content/uploads/2026/02/WhatsApp-Image-2026-02-25-at-11.02.26-AM_optimized.avif,,,,,,,,,0,,Standort,Fundgrube,1,1
8428,simple,,,"Zauberhafte Frühlings-Schalen – Bepflanzt mit Primeln, Zwiebelblumen & Moos",1,0,visible,,"Machen Sie sich oder anderen eine Freude! Unsere hochwertig bepflanzten Frühlingsschalen sind ein echter Hingucker. Jedes Gefäß ist ein kleines Kunstwerk aus leuchtenden Primeln, zarten Zwiebelblumen, Naturmaterialien wie Rinde und Moos, sowie süßen frühlingshaften Steckern.",,,taxable,,1,,,0,0,,,,,1,,,,"Garten & Pflanzen > Blumentöpfe",,,https://fundgrube-bestpreis.de/wp-content/uploads/2026/02/WhatsApp-Image-2026-02-25-at-11.02.27-AM-1_optimized.avif,,,,,,,,,0,,Standort,Fundgrube,1,1
8429,simple,,,"Blühende Ziersträucher für den Garten – Forsythie, Hartriegel & Pfeifenstrauch",1,0,visible,,"Setzen Sie leuchtende Akzente in Ihrem Garten! Unsere Auswahl an robusten, winterharten Ziersträuchern bringt Volumen und Farbe in Ihre Beete. Wählen Sie den Frühlings-Klassiker Forsythie (für ein leuchtend gelbes Blütenmeer) oder bienenfreundliche Sorten wie den weißen Pfeifenstrauch (""Schneesturm"").",,,taxable,,1,,,0,0,,,,,1,,,,"Garten & Pflanzen > Blumentöpfe",,,https://fundgrube-bestpreis.de/wp-content/uploads/2026/02/WhatsApp-Image-2026-02-25-at-11.02.27-AM_optimized.avif,,,,,,,,,0,,Standort,Fundgrube,1,1
8430,simple,,,"Hochwertige Steckzwiebeln im Netz – Für die reiche Gemüse-Ernte im eigenen Garten",1,0,visible,,"Starten Sie in die Gartensaison! Mit unseren hochwertigen Steckzwiebeln sichern Sie sich eine üppige und aromatische Ernte aus dem eigenen Beet. Die Zwiebeln haben eine optimale Sortierung, treiben schnell aus und sind besonders widerstandsfähig.",,,taxable,,1,,,0,0,,,,,1,,,,"Garten & Pflanzen > Blumentöpfe",,,https://fundgrube-bestpreis.de/wp-content/uploads/2026/02/WhatsApp-Image-2026-02-25-at-11.02.28-AM_optimized.avif,,,,,,,,,0,,Standort,Fundgrube,1,1
8431,simple,,,"Farbenfroher Zimmer- & Frühlingspflanzen-Mix – Alpenveilchen (Cyclamen) & Glockenblumen",1,0,visible,,"Bringen Sie leuchtende Farben in Ihr Zuhause oder auf den Balkon! Dieser wunderschöne Mix aus prächtigen Alpenveilchen in satten Pink- und Rottönen sowie intensiv blühenden violetten und weißen Glockenblumen (Campanula) sorgt für echte Frühlingsgefühle. Ideal als farbenfrohe Tischdekoration oder für kühle, helle Standorte im Innen- und geschützten Außenbereich.",,,taxable,,1,,,0,0,,,,,1,,,,"Garten & Pflanzen > Blumentöpfe",,,https://fundgrube-bestpreis.de/wp-content/uploads/2026/02/WhatsApp-Image-2026-02-25-at-11.02.29-AM_optimized.avif,,,,,,,,,0,,Standort,Fundgrube,1,1
8432,simple,,,"Frühlingszwiebeln im Pflanztopf – Vorgetriebene Tulpen & Narzissen für Beet und Balkon",1,0,visible,,"Der Frühling steht in den Startlöchern! Mit unseren kräftigen, vorgetriebenen Zwiebelblumen im Topf holen Sie sich die ersten Frühlingsboten direkt nach Hause. Ob klassische bunte Tulpen oder sonnige Narzissen – diese Pflanzen stehen kurz vor der Blüte und verwandeln Ihre Pflanzkästen, Kübel oder Beete im Handumdrehen in ein lebendiges Blütenmeer.",,,taxable,,1,,,0,0,,,,,1,,,,"Garten & Pflanzen > Blumentöpfe",,,https://fundgrube-bestpreis.de/wp-content/uploads/2026/02/WhatsApp-Image-2026-02-25-at-11.02.30-AM_optimized.avif,,,,,,,,,0,,Standort,Fundgrube,1,1
8433,simple,,,"Beerensträucher im Topf – ""Natur Pur"" Obstgehölze für den eigenen Naschgarten",1,0,visible,,"Starten Sie Ihren eigenen kleinen Naschgarten! Unsere kräftigen Beerensträucher im Topf aus der ""Natur Pur"" Serie (z. B. Heidelbeeren) sind perfekt für alle, die frisches, gesundes Obst direkt aus dem eigenen Garten oder vom Balkon ernten möchten. Die Gehölze sind stark durchwurzelt, winterhart und bereit für die Frühjahrspflanzung.",,,taxable,,1,,,0,0,,,,,1,,,,"Garten & Pflanzen > Blumentöpfe",,,https://fundgrube-bestpreis.de/wp-content/uploads/2026/02/WhatsApp-Image-2026-02-25-at-11.02.31-AM_optimized.avif,,,,,,,,,0,,Standort,Fundgrube,1,1
8434,simple,,,"Bunter Frühlingsblüher-Mix – Landnelken (Dianthus), Cinerarien & Frühlingsboten",1,0,visible,,"Ein echtes Feuerwerk der Farben für Ihre Frühlingsdekoration! Unser bunt gemischtes Sortiment bietet Ihnen eine herrliche Auswahl an beliebten Frühblühern. Von zart duftenden, farbenprächtigen Landnelken (Dianthus) bis hin zu intensiv leuchtenden Cinerarien (Senetti) – vertreiben Sie das Wintergrau und gestalten Sie Ihre Balkonkästen und Pflanzschalen komplett neu.",,,taxable,,1,,,0,0,,,,,1,,,,"Garten & Pflanzen > Blumentöpfe",,,https://fundgrube-bestpreis.de/wp-content/uploads/2026/02/WhatsApp-Image-2026-02-25-at-11.02.32-AM-1_optimized.avif,,,,,,,,,0,,Standort,Fundgrube,1,1
8435,simple,,,"Zwerg-Narzissen (Tête à Tête) im Topf – Der gelbe Frühlingsklassiker",1,0,visible,,"Holen Sie sich die Frühlingssonne nach Hause! Die beliebten Zwerg-Narzissen der Sorte ""Tête à Tête"" sind die ultimativen und verlässlichen Frühlingsboten. Mit ihren zahlreichen, strahlend gelben Blüten eignen sie sich hervorragend für die Dekoration drinnen auf der Fensterbank oder draußen in Pflanzschalen, Grabbeeten und Frühlingsrabatten.",,,taxable,,1,,,0,0,,,,,1,,,,"Garten & Pflanzen > Blumentöpfe",,,https://fundgrube-bestpreis.de/wp-content/uploads/2026/02/WhatsApp-Image-2026-02-25-at-11.02.32-AM_optimized.avif,,,,,,,,,0,,Standort,Fundgrube,1,1
8855,simple,,,"Pansy Blumen",1,0,catalog,"<p>Bunte Pansy-Blumen in verschiedenen Farben.</p><ul><li>Vielfältige Farben</li><li>Leicht zu pflegen</li><li>Ideal für Garten, Balkon oder Innenraum</li></ul>","<p>Entdecken Sie unsere Auswahl an Pansy-Blumen in verschiedenen Farben wie Gelb, Rot, Lila und Weiß. Diese farbenfrohen Blumen sind ideal für die Dekoration von Gärten, Balkonen oder Innenräumen. Sie sind leicht zu pflegen und bringen einen Hauch von Farbe in Ihren Alltag.</p><h3>Produktmerkmale</h3><ul><li>Vielfältige Farben</li><li>Leicht zu pflegen</li><li>Ideal für Garten, Balkon oder Innenraum</li></ul>",,,taxable,,1,,,0,0,,,,,1,,,,"Garten & Pflanzen > Blumen","Balkon, Blumen, Farbenfrohe Blumen, Garten, Innenraum, Pansy",,https://fundgrube-bestpreis.de/wp-content/uploads/2026/03/01-03-06-2026.webp,,,,,,,,,0,,Standort,Fundgrube,1,1
8857,simple,,,"Vielfältige Stiefmütterchen - Viola x wittrockiana",1,0,catalog,"<p>Bunte Stiefmütterchen in verschiedenen Farben. Frisch und gesund, ideal für Ihren Garten oder Balkon.</p><ul><li>Vielfältige Farben</li><li>Frisch und gesund</li><li>Pflegeleicht</li><li>Lange Blütezeit</li></ul>","<p>Entdecken Sie unsere Auswahl an Stiefmütterchen (Viola x wittrockiana) in einer Vielzahl von Farben. Diese widerstandsfähigen und pflegeleichten Pflanzen sind perfekt für die Dekoration Ihres Gartens oder Balkons. Sie bieten eine lange Blütezeit und sind in verschiedenen Farbvarianten erhältlich, darunter Violett, Gelb, Orange und Weiß mit Farbtupfern.</p><h3>Produktmerkmale</h3><ul><li>Vielfältige Farben</li><li>Frisch und gesund</li><li>Pflegeleicht</li><li>Lange Blütezeit</li></ul>",,,taxable,,1,,,0,0,,,,,1,,,,"Garten & Pflanzen > Blumen","Balkonpflanzen, Blumen, Gartenpflanzen, Stiefmütterchen, Viola x wittrockiana",,https://fundgrube-bestpreis.de/wp-content/uploads/2026/03/02-03-06-2026.webp,,,,,,,,,0,,Standort,Fundgrube,1,1
8859,simple,,,"Vielfarbige Stiefmütterchen",1,0,catalog,"<p>Bunte Stiefmütterchen in verschiedenen Farben für Ihren Garten oder Balkon.</p><ul><li>Vielfarbige Blüten</li><li>Robuste Pflanzen</li><li>Lange Blütezeit</li><li>Ideal für Garten oder Balkon</li></ul>","<p>Diese Stiefmütterchen bieten eine prachtvolle Farbvielfalt für Ihren Garten oder Balkon. Sie sind ideal für die Dekoration von Außenbereichen und bringen Farbe und Leben in Ihre Umgebung. Die Pflanzen sind gesund und kräftig und bieten eine lange Blütezeit.</p><h3>Produktmerkmale</h3><ul><li>Vielfarbige Blüten</li><li>Robuste Pflanzen</li><li>Lange Blütezeit</li><li>Ideal für Garten oder Balkon</li></ul>",,,taxable,,1,,,0,0,,,,,1,,,,"Garten & Pflanzen > Blumen","Balkon, Blumen, Garten, Pflanzen, Stiefmütterchen",,https://fundgrube-bestpreis.de/wp-content/uploads/2026/03/03-03-06-2026.webp,,,,,,,,,0,,Standort,Fundgrube,1,1
8861,simple,,,"Doppel-Blumentopf aus Weide",1,0,catalog,"<p>Doppel-Blumentopf aus Weide mit Blumen und Gräsern</p><ul><li>Doppel-Blumentopf aus Weide</li><li>mit Blumen und Gräsern bepflanzt</li><li>dekoratives Element für Garten oder Zuhause</li><li>hochwertiges Weidenholz</li></ul>","<p>Dieser Doppel-Blumentopf aus Weide ist ein dekoratives Element für Ihren Garten oder Ihr Zuhause. Er besteht aus zwei miteinander verbundenen Töpfen, die mit einer Vielzahl von Blumen und Gräsern bepflanzt sind. Die Blumen sind in verschiedenen Farben wie Rot, Gelb und Grün gehalten, was einen fröhlichen und lebendigen Eindruck macht. Der Topf selbst ist aus hochwertigem Weidenholz gefertigt und hat eine natürliche, rustikale Optik.</p><h3>Produktmerkmale</h3><ul><li>Doppel-Blumentopf aus Weide</li><li>mit Blumen und Gräsern bepflanzt</li><li>dekoratives Element für Garten oder Zuhause</li><li>hochwertiges Weidenholz</li></ul>",,,taxable,,1,,,0,0,,,,,1,,,,"Garten & Pflanzen","Blumen, Blumentopf, Deko, Garten, Weide",,https://fundgrube-bestpreis.de/wp-content/uploads/2026/03/04-03-06-2026.webp,,,,,,,,,0,,Standort,Fundgrube,1,1
8863,simple,,,"Grüne Hortensien",1,0,catalog,"<p>Schöne grüne Hortensien für Ihren Garten oder als Dekoration.</p><ul><li>Große, runde Blüten</li><li>Dunkelgrüne Blätter</li><li>Halbschattiger Standort</li><li>Feuchter, gut durchlässiger Boden</li></ul>","<p>Diese grünen Hortensien sind eine prachtvolle Ergänzung für jeden Garten oder als Dekoration für Ihr Zuhause. Sie sind bekannt für ihre großen, runden Blüten und ihre dunkelgrünen Blätter. Die Hortensien sind in verschiedenen Größen erhältlich und können sowohl in Töpfen als auch im Freiland gepflanzt werden. Sie bevorzugen einen halbschattigen Standort und einen feuchten, aber gut durchlässigen Boden.</p><h3>Produktmerkmale</h3><ul><li>Große, runde Blüten</li><li>Dunkelgrüne Blätter</li><li>Halbschattiger Standort</li><li>Feuchter, gut durchlässiger Boden</li></ul>",,,taxable,,1,,,0,0,,,,,1,,,,"Garten & Pflanzen","Blumen, Garten Dekoration, Grüne Pflanzen, Hortensien, Pflanzen",,https://fundgrube-bestpreis.de/wp-content/uploads/2026/03/05-03-06-2026.webp,,,,,,,,,0,,Standort,Fundgrube,1,1
8865,simple,,,"Bunte Blumen - Fundgrube Sonderpostenmarkt",1,0,catalog,"<p>Entdecken Sie unsere Auswahl an farbenfrohen Blumen für jeden Anlass.</p><ul><li>Frisches Design</li><li>Hochwertige Qualität</li><li>Große Auswahl an Farben</li></ul>","<p>Willkommen in unserem Fundgrube Sonderpostenmarkt! Hier finden Sie eine Vielzahl an bunten Blumen, perfekt für Geburtstage, Hochzeiten oder einfach als Dekoration für Ihr Zuhause. Unsere Blumen sind frisch und von höchster Qualität. Stöbern Sie durch unsere Auswahl und finden Sie die perfekte Blume für Ihren Anlass.</p><h3>Produktmerkmale</h3><ul><li>Frisches Design</li><li>Hochwertige Qualität</li><li>Große Auswahl an Farben</li></ul>",,,taxable,,1,,,0,0,,,,,1,,,,"Garten & Pflanzen > Blumen","Blumen, Dekoration, Fundgrube, Geburtstag, Hochzeit, Sonderpostenmarkt",,https://fundgrube-bestpreis.de/wp-content/uploads/2026/03/06-03-06-2026.webp,,,,,,,,,0,,Standort,Fundgrube,1,1
8867,simple,,,Cyclamen-Pflanzen,1,0,catalog,"<p>Bunte Cyclamen-Pflanzen in verschiedenen Farben.</p><ul><li>Vielfältige Farben</li><li>Pflegeleicht</li><li>Ideal für Innenräume</li></ul>","<p>Entdecken Sie unsere farbenfrohen Cyclamen-Pflanzen in Rot, Rosa und Weiß. Diese Pflanzen sind ideal für die Dekoration Ihres Zuhauses oder als Geschenk. Sie sind pflegeleicht und bringen Farbe in jeden Raum.</p><h3>Produktmerkmale</h3><ul><li>Vielfältige Farben</li><li>Pflegeleicht</li><li>Ideal für Innenräume</li></ul>",,,taxable,,1,,,0,0,,,,,1,,,,"Garten & Pflanzen","Blumen, Cyclamen, Geschenkideen, Innenraumdekoration, Pflanzen",,https://fundgrube-bestpreis.de/wp-content/uploads/2026/03/07-03-06-2026.webp,,,,,,,,,0,,Standort,Fundgrube,1,1
8869,simple,,,"Blumen im Topf",1,0,catalog,"<p>Schöne Blumen in verschiedenen Farben.</p><ul><li>Vielfältige Farben</li><li>Pflegeleicht</li><li>Ideal für Wohnräume</li></ul>","<p>Diese Blumen sind in verschiedenen Farben erhältlich und eignen sich ideal für die Dekoration von Wohnräumen oder als Geschenk. Sie sind pflegeleicht und bringen Farbe in jeden Raum.</p><h3>Produktmerkmale</h3><ul><li>Vielfältige Farben</li><li>Pflegeleicht</li><li>Ideal für Wohnräume</li></ul>",,,taxable,,1,,,0,0,,,,,1,,,,"Garten & Pflanzen","Blumen, Geschenkideen, Pflanzen, Topfpflanzen, Wohnraumdekoration",,https://fundgrube-bestpreis.de/wp-content/uploads/2026/03/08-03-06-2026.webp,,,,,,,,,0,,Standort,Fundgrube,1,1
8871,simple,,,"Pflanzkübel Weidenkätzchen",1,0,catalog,"<p>Weidenkätzchen im Kübel, frisch und gesund.</p><ul><li>Frisch und gesund</li><li>Robuste Pflanzkübel</li><li>Lange, dünne Äste</li><li>Kleine, gelbe Blüten</li></ul>","<p>Diese Weidenkätzchen sind eine beliebte Wahl für die Dekoration von Häusern und Gärten. Sie sind frisch und gesund und werden in robusten Pflanzkübeln geliefert. Die langen, dünnen Äste sind mit kleinen, gelben Blüten besetzt und bieten eine natürliche Schönheit für jeden Raum.</p><h3>Produktmerkmale</h3><ul><li>Frisch und gesund</li><li>Robuste Pflanzkübel</li><li>Lange, dünne Äste</li><li>Kleine, gelbe Blüten</li></ul>",,,taxable,,1,,,0,0,,,,,1,,,,"Garten & Pflanzen","Blumen, Deko, Garten, Pflanzkübel, Weidenkätzchen",,https://fundgrube-bestpreis.de/wp-content/uploads/2026/03/09-03-06-2026.webp,,,,,,,,,0,,Standort,Fundgrube,1,1
8873,simple,,,Geranien,1,0,catalog,"<p>Schöne Geranien in verschiedenen Farben.</p><ul><li>Pflegeleicht</li><li>Vielfältige Farben</li><li>Ideal für Garten und Balkon</li></ul>","<p>Diese Geranien sind eine beliebte Wahl für jeden Garten oder Balkon. Sie sind pflegeleicht und bieten eine Vielzahl von Farben, darunter Rosa und Weiß. Geranien sind ideal für die Dekoration von Außenbereichen und bringen Farbe und Leben in jeden Raum.</p><h3>Produktmerkmale</h3><ul><li>Pflegeleicht</li><li>Vielfältige Farben</li><li>Ideal für Garten und Balkon</li></ul>",,,taxable,,1,,,0,0,,,,,1,,,,"Garten & Pflanzen > Blumen","Balkon, Blumen, Garten, Geranien, Pflanzen",,https://fundgrube-bestpreis.de/wp-content/uploads/2026/03/10-03-06-2026.webp,,,,,,,,,0,,Standort,Fundgrube,1,1
8875,simple,,,"Pflanzen im Topf",1,0,catalog,"<p>Bunte Blumen in verschiedenen Farben</p><ul><li>Vielfältige Farben</li><li>Robuste Pflanzen</li><li>Einfache Pflege</li></ul>","<p>Diese farbenfrohen Pflanzen sind in verschiedenen Töpfen erhältlich und bringen einen Hauch von Farbe in jeden Raum. Sie sind ideal für die Dekoration von Wohnräumen, Büros oder Außenbereichen.</p><h3>Produktmerkmale</h3><ul><li>Vielfältige Farben</li><li>Robuste Pflanzen</li><li>Einfache Pflege</li></ul>",,,taxable,,1,,,0,0,,,,,1,,,,"Garten & Pflanzen > Blumen","Blumen, Dekoration, Garten, Pflanzen, Topfpflanzen",,https://fundgrube-bestpreis.de/wp-content/uploads/2026/03/11-03-06-2026.webp,,,,,,,,,0,,Standort,Fundgrube,1,1
8877,simple,,,"Frühlingsblumen im Topf",1,0,catalog,"<p>Schöne Frühlingsblumen in verschiedenen Farben und Sorten.</p><ul><li>Vielfältige Farben und Sorten</li><li>Gesunde und kräftige Pflanzen</li><li>Perfekt für Garten oder Wohnung</li></ul>","<p>Entdecken Sie unsere Auswahl an Frühlingsblumen in Töpfen, perfekt für Ihren Garten oder Ihre Wohnung. Unsere Pflanzen sind gesund und kräftig und bieten eine Vielzahl von Farben und Sorten. Ob Sie nach klassischen Tulpen, leuchtenden Narzissen oder farbenfrohen Hyazinthen suchen, bei uns finden Sie garantiert das Richtige.</p><h3>Produktmerkmale</h3><ul><li>Vielfältige Farben und Sorten</li><li>Gesunde und kräftige Pflanzen</li><li>Perfekt für Garten oder Wohnung</li></ul>",,,taxable,,1,,,0,0,,,,,1,,,,"Garten & Pflanzen","Blumen im Topf, Frühlingsblumen, Gartenpflanzen, Hyazinthen, Narzissen, Tulpen",,https://fundgrube-bestpreis.de/wp-content/uploads/2026/03/12-03-06-2026.webp,,,,,,,,,0,,Standort,Fundgrube,1,1
8879,simple,,,"Ambella-Blumen - Farbiger Blumenschaukasten",1,0,catalog,"<p>Schöne Blumen in verschiedenen Farben für Ihren Garten oder Innenraum.</p><ul><li>Vielfältige Farben</li><li>Lange Blütenzeit</li><li>Hohe Qualität</li></ul>","<p>Entdecken Sie unsere Auswahl an Ambella-Blumen, die in verschiedenen Farben erhältlich sind und Ihren Garten oder Innenraum verschönern. Unsere Blumen sind von hoher Qualität und bieten eine lange Blütenzeit.</p><h3>Produktmerkmale</h3><ul><li>Vielfältige Farben</li><li>Lange Blütenzeit</li><li>Hohe Qualität</li></ul>",,,taxable,,1,,,0,0,,,,,1,,,,"Garten & Pflanzen > Blumen","Ambella, Blumen, Blumenschaukasten, Garten, Innenraum",,https://fundgrube-bestpreis.de/wp-content/uploads/2026/03/13-03-06-2026.webp,,,,,,,,,0,,Standort,Fundgrube,1,1
8881,simple,,,"Primeln - bunte Frühlingsboten",1,0,catalog,"<p>Schöne Primeln in verschiedenen Farben für Ihren Garten oder Ihr Zuhause.</p><ul><li>Vielfältige Farben</li><li>Pflegeleicht</li><li>Frühlingsboten</li><li>Ideal für Garten oder Zuhause</li></ul>","<p>Entdecken Sie unsere Auswahl an Primeln, den farbenfrohen Frühlingsboten. Diese pflegeleichten Pflanzen bringen mit ihren leuchtenden Blüten in verschiedenen Farben wie Gelb, Lila und Rosa Leben in Ihren Garten oder Ihr Zuhause. Sie eignen sich hervorragend als Frühjahrsdekoration oder als Geschenk für Pflanzenliebhaber.</p><h3>Produktmerkmale</h3><ul><li>Vielfältige Farben</li><li>Pflegeleicht</li><li>Frühlingsboten</li><li>Ideal für Garten oder Zuhause</li></ul>",,,taxable,,1,,,0,0,,,,,1,,,,"Garten & Pflanzen > Blumen","Blumen, Frühlingsblumen, Gartenpflanzen, Pflanzen, Primeln",,https://fundgrube-bestpreis.de/wp-content/uploads/2026/03/14-03-06-2026.webp,,,,,,,,,0,,Standort,Fundgrube,1,1
8883,simple,,,"Primeln Blumen",1,0,catalog,"<p>Bunte Primeln in verschiedenen Farben</p><ul><li>Vielfältige Farben</li><li>Frische Qualität</li><li>Ideal für Dekoration oder Geschenke</li></ul>","<p>Entdecken Sie unsere Auswahl an Primeln in verschiedenen Farben wie Gelb, Blau, Rosa und Weiß. Diese farbenfrohen Blumen sind perfekt für die Dekoration Ihres Zuhauses oder als Geschenk für Freunde und Familie.</p><h3>Produktmerkmale</h3><ul><li>Vielfältige Farben</li><li>Frische Qualität</li><li>Ideal für Dekoration oder Geschenke</li></ul>",,,taxable,,1,,,0,0,,,,,1,,,,"Garten & Pflanzen > Blumen","Blumen, Dekoration, Geschenke, Pflanzen, Primeln",,https://fundgrube-bestpreis.de/wp-content/uploads/2026/03/15-03-06-2026.webp,,,,,,,,,0,,Standort,Fundgrube,1,1
8885,simple,,,"Narzissen im Topf",1,0,catalog,"<p>Frische Narzissen im Topf, ideal für Garten und Innenraum.</p><ul><li>Frische, gesunde Pflanzen</li><li>Leuchtend gelbe Blüten</li><li>Grüne Stiele und Blätter</li><li>Ideal für Garten und Innenraum</li><li>Pflegeleicht</li></ul>","<p>Entdecken Sie unsere Auswahl an frischen Narzissen im Topf! Diese wunderschönen Blumen sind perfekt für die Dekoration Ihres Gartens oder Innenraums. Mit ihren leuchtend gelben Blüten und grünen Stielen bringen sie Farbe und Leben in jeden Raum. Unsere Narzissen sind sorgfältig gepflegt und sind bereit, Ihre Räume zu verschönern.</p><h3>Produktmerkmale</h3><ul><li>Frische, gesunde Pflanzen</li><li>Leuchtend gelbe Blüten</li><li>Grüne Stiele und Blätter</li><li>Ideal für Garten und Innenraum</li><li>Pflegeleicht</li></ul>",,,taxable,,1,,,0,0,,,,,1,,,,"Garten & Pflanzen","Blumen, Dekoration, Garten, Innenraum, Narzissen, Pflanzen",,https://fundgrube-bestpreis.de/wp-content/uploads/2026/03/16-03-06-2026.webp,,,,,,,,,0,,Standort,Fundgrube,1,1
8887,simple,,,"Blumen &amp; Pflanzen",1,0,catalog,"<p>Schöne Blumen und Pflanzen für jeden Anlass</p><ul><li>Vielfältige Blumen- und Pflanzensorten</li><li>Farbbenfrohe Arrangements</li><li>Pflegeleichte Pflanzen</li></ul>","<p>Entdecken Sie unsere vielfältige Auswahl an Blumen und Pflanzen für Ihr Zuhause oder als Geschenk. Von farbenfrohen Blumenarrangements bis hin zu pflegeleichten Pflanzen - bei uns finden Sie alles, was Sie suchen.</p><h3>Produktmerkmale</h3><ul><li>Vielfältige Blumen- und Pflanzensorten</li><li>Farbbenfrohe Arrangements</li><li>Pflegeleichte Pflanzen</li></ul>",,,taxable,,1,,,0,0,,,,,1,,,,"Garten & Pflanzen > Blumen","Blumen, Deko, Garten, Geschenk, Pflanzen",,https://fundgrube-bestpreis.de/wp-content/uploads/2026/03/17-03-06-2026.webp,,,,,,,,,0,,,,,
8889,simple,,,"Obstbäume zum Pflanzen",1,0,catalog,"<p>Entdecken Sie unsere Auswahl an Obstbäumen für Ihren Garten. Hochwertige Qualität und günstige Preise!</p><ul><li>Hochwertige Qualität</li><li>Günstige Preise</li><li>Vielfältige Sorten</li><li>Robuste Bäume</li><li>Lange Lebensdauer</li></ul>","<p>Willkommen in unserem Sortiment an Obstbäumen! Unsere Bäume sind sorgfältig ausgewählt und bieten eine Vielzahl von Sorten für Ihren Garten. Ob Äpfel, Birnen, Kirschen oder Pfirsiche - bei uns finden Sie den perfekten Baum für Ihre Bedürfnisse. Unsere Obstbäume sind gesund, robust und bieten eine hohe Fruchtqualität. Durch ihre sorgfältige Pflege und Auswahl garantieren wir eine lange Lebensdauer und reichen Ertrag. Bestellen Sie jetzt Ihren Traumbaum und genießen Sie die Früchte Ihrer Arbeit!</p><h3>Produktmerkmale</h3><ul><li>Hochwertige Qualität</li><li>Günstige Preise</li><li>Vielfältige Sorten</li><li>Robuste Bäume</li><li>Lange Lebensdauer</li></ul>",,,taxable,,1,,,0,0,,,,,1,,,,"Garten & Pflanzen","Bäume, Früchte, Garten, Obstbäume, Pflanzen",,https://fundgrube-bestpreis.de/wp-content/uploads/2026/03/18-03-06-2026.webp,,,,,,,,,0,,,,,
8891,simple,,,"Olive Bäume im Topf",1,0,catalog,"<p>Kaufen Sie Olive Bäume in Terrakotta-Töpfen für Ihren Garten oder Innenraum.</p><ul><li>Mediterrane Pflanze</li><li>Terrakotta-Topf</li><li>Ideal für Garten oder Innenraum</li><li>Sorgfältig ausgewählt und kultiviert</li></ul>","<p>Entdecken Sie unsere Auswahl an Olive Bäumen (Olea europaea) in Terrakotta-Töpfen. Diese mediterranen Pflanzen sind ideal für Ihren Garten oder Innenraum und bringen ein Stück Süden in Ihr Zuhause. Unsere Olive Bäume sind sorgfältig ausgewählt und in hochwertigen Töpfen kultiviert, um eine optimale Pflege und ein gesundes Wachstum zu gewährleisten.</p><h3>Produktmerkmale</h3><ul><li>Mediterrane Pflanze</li><li>Terrakotta-Topf</li><li>Ideal für Garten oder Innenraum</li><li>Sorgfältig ausgewählt und kultiviert</li></ul>",,,taxable,,1,,,0,0,,,,,1,,,,"Garten & Pflanzen","Gartenpflanzen, Innenraumpflanzen, Mediterrane Pflanzen, Olea europaea, Olive Baum, Terrakotta Töpfe",,https://fundgrube-bestpreis.de/wp-content/uploads/2026/03/19-03-06-2026.webp,,,,,,,,,0,,Standort,Fundgrube,1,1
8893,simple,,,"Anthurien - Schnittblumen",1,0,catalog,"<p>Schöne Anthurien in verschiedenen Farben für Ihren Raum.</p><ul><li>Frische Anthurien</li><li>Vielfältige Farben</li><li>Lange Haltbarkeit</li><li>Perfekt für Dekoration oder Geschenke</li></ul>","<p>Entdecken Sie unsere Auswahl an frischen Anthurien, perfekt für die Dekoration Ihres Zuhauses oder als Geschenk. Unsere Anthurien sind in verschiedenen Farben erhältlich und bieten eine lange Haltbarkeit.</p><h3>Produktmerkmale</h3><ul><li>Frische Anthurien</li><li>Vielfältige Farben</li><li>Lange Haltbarkeit</li><li>Perfekt für Dekoration oder Geschenke</li></ul>",,,taxable,,1,,,0,0,,,,,1,,,,"Garten & Pflanzen > Blumen","Anthurien, Deko, Geschenke, Pflanzen, Schnittblumen",,https://fundgrube-bestpreis.de/wp-content/uploads/2026/03/20-03-06-2026.webp,,,,,,,,,0,,Standort,Fundgrube,1,1
8895,simple,,,"Lavendel Pflanze",1,0,catalog,"<p>Schöne Lavendel-Pflanze mit violetten Blüten.</p><ul><li>Violette Blüten</li><li>Angenehmer Duft</li><li>Beruhigende Wirkung</li><li>Pflegeleicht</li></ul>","<p>Diese Lavendel-Pflanze ist ein echter Hingucker für jeden Garten oder Balkon. Mit ihren violetten Blüten und dem angenehmen Duft ist sie ein beliebter Klassiker unter den Gartenpflanzen. Lavendel ist zudem bekannt für seine beruhigende Wirkung und wird oft in der Küche und in der Pflege verwendet.</p><h3>Produktmerkmale</h3><ul><li>Violette Blüten</li><li>Angenehmer Duft</li><li>Beruhigende Wirkung</li><li>Pflegeleicht</li></ul>",,,taxable,,1,,,0,0,,,,,1,,,,"Garten & Pflanzen","Balkon, Blumen, Garten, Lavendel, Pflanze",,https://fundgrube-bestpreis.de/wp-content/uploads/2026/03/21-03-06-2026.webp,,,,,,,,,0,,Standort,Fundgrube,1,1
8897,simple,,,"Grüne Pflanzen in Töpfen",1,0,catalog,"<p>Eine Vielzahl von grünen Pflanzen in Töpfen für Ihren Garten oder Innenraum.</p><ul><li>Vielfältige Pflanzenarten</li><li>Gesunde, kräftige Pflanzen</li><li>Praktische Töpfe</li><li>Ideal für Innen- und Außenbereich</li></ul>","<p>Entdecken Sie unsere Auswahl an gesunden, grünen Pflanzen in verschiedenen Töpfen. Perfekt für die Dekoration Ihres Zuhauses oder Gartens. Unsere Pflanzen sind ideal für Anfänger und erfahrene Gärtner gleichermaßen.</p><h3>Produktmerkmale</h3><ul><li>Vielfältige Pflanzenarten</li><li>Gesunde, kräftige Pflanzen</li><li>Praktische Töpfe</li><li>Ideal für Innen- und Außenbereich</li></ul>",,,taxable,,1,,,0,0,,,,,1,,,,"Garten & Pflanzen > Blumen","Dekoration, Garten, Grün, Innenraum, Pflanzen, Töpfe",,https://fundgrube-bestpreis.de/wp-content/uploads/2026/03/22-03-06-2026.webp,,,,,,,,,0,,Standort,Fundgrube,1,1
8899,simple,,,"Erdbeeren Pflanzen",1,0,catalog,"<p>Gesunde Erdbeeren Pflanzen für Ihren Garten.</p><ul><li>Lecker und gesund</li><li>Einfache Pflege</li><li>Wenig Platzbedarf</li><li>Schnelle Ernte</li></ul>","<p>Erdbeeren sind eine der beliebtesten Früchte in deutschen Gärten. Unsere Erdbeeren Pflanzen sind gesund und kräftig und bringen Ihnen in wenigen Wochen leckere Früchte. Sie sind einfach zu pflegen und benötigen nur wenig Platz.</p><h3>Produktmerkmale</h3><ul><li>Lecker und gesund</li><li>Einfache Pflege</li><li>Wenig Platzbedarf</li><li>Schnelle Ernte</li></ul>",,,taxable,,1,,,0,0,,,,,1,,,,"Garten & Pflanzen","Erdbeeren, Früchte, Garten, Obst, Pflanzen",,https://fundgrube-bestpreis.de/wp-content/uploads/2026/03/23-03-06-2026.webp,,,,,,,,,0,,Standort,Fundgrube,1,1
8901,simple,,,"Tulpen Zwiebeln im Topf",1,0,catalog,"<p>Tulpen Zwiebeln im Topf, verschiedene Farben</p><ul><li>Verschiedene Farben</li><li>Im Topf</li><li>Pflegeleicht</li><li>Frühlingsblüher</li></ul>","<p>Entdecken Sie unsere Auswahl an Tulpen Zwiebeln im Topf! Unsere Tulpen sind in verschiedenen Farben erhältlich und bieten eine schöne Ergänzung für jeden Garten oder Innenraum. Sie sind pflegeleicht und bringen im Frühjahr farbenfrohe Akzente.</p><h3>Produktmerkmale</h3><ul><li>Verschiedene Farben</li><li>Im Topf</li><li>Pflegeleicht</li><li>Frühlingsblüher</li></ul>",,,taxable,,1,,,0,0,,,,,1,,,,"Garten & Pflanzen","Blumen, Frühling, Garten, Topf, Tulpen, Zwiebeln",,https://fundgrube-bestpreis.de/wp-content/uploads/2026/03/24-03-06-2026.webp,,,,,,,,,0,,Standort,Fundgrube,1,1
8986,simple,,,"Junge Gemüse- und Früchtsämlinge",1,0,catalog,"<p>Vielfältige Auswahl an jungen Gemüse- und Früchtsämlingen für Ihren Garten.</p><ul><li>Vielfältige Auswahl an Gemüse- und Früchtsämlingen</li><li>Sorgfältig gezüchtet für optimale Gesundheit und Wachstum</li><li>Ideal für Garten, Pflanzkübel und Gewächshäuser</li><li>Klassische und exotische Sorten verfügbar</li></ul>","<p>Entdecken Sie unsere breite Palette an jungen Gemüse- und Früchtsämlingen, ideal für Ihren Garten oder Ihre Pflanzkübel. Unsere sorgfältig gezüchteten Pflanzen bieten eine gesunde und kräftige Grundlage für eine reiche Ernte. Von klassischen Gemüsesorten bis hin zu exotischen Früchten - bei uns finden Sie alles, was Sie für einen erfolgreichen Garten benötigen.</p><h3>Produktmerkmale</h3><ul><li>Vielfältige Auswahl an Gemüse- und Früchtsämlingen</li><li>Sorgfältig gezüchtet für optimale Gesundheit und Wachstum</li><li>Ideal für Garten, Pflanzkübel und Gewächshäuser</li><li>Klassische und exotische Sorten verfügbar</li></ul>",,,taxable,,1,,,0,0,,,,,1,,,,"Garten & Pflanzen","Früchtsämlinge, Gartenbedarf, Gartensämlinge, Gemüsesämlinge, Junge Pflanzen, Pflanzkübel",,https://fundgrube-bestpreis.de/wp-content/uploads/2026/04/Whats27App-Imag2026-04-23-at-12.36.49-PM_converted_converted-1.webp,,,,,,,,,0,,,,,
8988,simple,,,"Pflanzenvielfalt - Blumen und Grünzeug",1,0,catalog,"<p>Entdecken Sie unsere vielfältige Auswahl an Blumen und Pflanzen für Ihren Garten oder Ihr Zuhause.</p><ul><li>Große Auswahl an Blumen und Pflanzen</li><li>Hochwertige Qualität</li><li>Perfekt für Garten oder Zuhause</li></ul>","<p>In unserem Sortiment finden Sie eine breite Palette an Blumen und Pflanzen, von farbenfrohen Hortensien und anderen Blumen bis hin zu verschiedenen Grünpflanzen. Unsere Pflanzen sind perfekt für die Dekoration Ihres Zuhauses oder Gartens. Wir bieten eine Vielzahl von Arten und Sorten an, um Ihren persönlichen Stil zu unterstreichen.</p><h3>Produktmerkmale</h3><ul><li>Große Auswahl an Blumen und Pflanzen</li><li>Hochwertige Qualität</li><li>Perfekt für Garten oder Zuhause</li></ul>",,,taxable,,1,,,0,0,,,,,1,,,,"Garten & Pflanzen > Blumen","Blumen, Deko, Garten, Grünzeug, Hortensien, Pflanzen",,https://fundgrube-bestpreis.de/wp-content/uploads/2026/04/Whats27App-Image-2026-04-23-at-12.36.46-PM_converted_converted-1.webp,,,,,,,,,0,,,,,
8991,simple,,,"Junge Gemüsepflanzen",1,0,catalog,"<p>Junge Gemüsepflanzen für Ihren Garten</p><ul><li>Gesunde und kräftige Pflanzen</li><li>Vielfältige Auswahl an Gemüsesorten</li><li>Optimale Bedingungen für eine erfolgreiche Ernte</li></ul>","<p>Entdecken Sie unsere Auswahl an jungen Gemüsepflanzen für Ihren Garten. Unsere Pflanzen sind gesund und kräftig und bieten eine hohe Chance auf erfolgreiche Ernte. Ob Tomaten, Gurken oder Zucchini - bei uns finden Sie die passende Pflanze für Ihren Garten.</p><h3>Produktmerkmale</h3><ul><li>Gesunde und kräftige Pflanzen</li><li>Vielfältige Auswahl an Gemüsesorten</li><li>Optimale Bedingungen für eine erfolgreiche Ernte</li></ul>",,,taxable,,1,,,0,0,,,,,1,,,,"Garten & Pflanzen","Gartenpflanzen, Gemüsepflanzen, Gurken, Junge Pflanzen, Tomaten, Zucchini",,https://fundgrube-bestpreis.de/wp-content/uploads/2026/04/Whats27App-Imag2026-04-23-at-12.36.49-PM_converted_converted-2.webp,,,,,,,,,0,,,,,
8993,simple,,,"Pflanzenvielfalt - Blumen und Grünzeug",1,0,catalog,"<p>Entdecken Sie unsere vielfältige Auswahl an Blumen und Pflanzen für Ihren Garten oder Ihr Zuhause.</p><ul><li>Große Auswahl an Blumen und Pflanzen</li><li>Hochwertige Qualität</li><li>Perfekt für Garten oder Zuhause</li></ul>","<p>In unserem Sortiment finden Sie eine breite Palette an Blumen und Pflanzen, von farbenfrohen Hortensien und anderen blühenden Pflanzen bis hin zu verschiedenen Grünpflanzen. Unsere Pflanzen sind perfekt für die Dekoration Ihres Zuhauses oder Gartens geeignet. Ob Sie nach etwas Besonderem für Ihren Garten suchen oder einfach nur Ihre Räume mit etwas Grün auflockern möchten, bei uns finden Sie sicherlich das Richtige.</p><h3>Produktmerkmale</h3><ul><li>Große Auswahl an Blumen und Pflanzen</li><li>Hochwertige Qualität</li><li>Perfekt für Garten oder Zuhause</li></ul>",,,taxable,,1,,,0,0,,,,,1,,,,"Garten & Pflanzen > Blumen","Blumen, Dekoration, Garten, Grünzeug, Hortensien, Pflanzen",,https://fundgrube-bestpreis.de/wp-content/uploads/2026/04/Whats27App-Image-2026-04-23-at-12.36.46-PM_converted_converted-2.webp,,,,,,,,,0,,,,,
